Date,Close,High,Low,Open,Volume
2021-01-04,125.74085235595703,129.82176713240116,123.16598610776015,129.7343224533574,143301900
2021-01-05,127.29547119140625,128.0047841932833,124.78862009202955,125.2355842462787,97664900
2021-01-06,123.0105209350586,127.33435496235823,122.7967573877346,124.0987683518539,155088000
2021-01-07,127.20805358886719,127.89792964576662,124.23481543686934,124.720639051932,109578200
2021-01-08,128.30599975585938,128.86955684085643,126.53759495540402,128.67521556411702,105158200
2021-01-11,125.32303619384766,126.47929859092635,124.85664974689551,125.527088604103,100384500
2021-01-12,125.14814758300781,126.01291289609365,123.26314986487158,124.85665049211372,91951100
2021-01-13,127.17890930175781,127.72302939531502,124.84696180760955,125.10929589304283,88636800
2021-01-14,125.2550277709961,127.28576659581172,125.10927181431389,127.09144014639318,90221800
2021-01-15,123.53519439697266,126.52786882491789,123.39916441507316,125.12869482471949,111598500
2021-01-19,124.20565795898438,125.06071220220736,123.34089258160077,124.15707263586324,90757300
2021-01-20,128.2865753173828,128.7335395413519,124.90524730001776,125.01212908230433,104319500
2021-01-21,132.98927307128906,135.70988667350218,129.802273225487,130.0063255467673,120150900
2021-01-22,135.126953125,135.88483658611096,131.19177987621222,132.41604973812463,114459400
2021-01-25,138.8677978515625,140.97627022018892,132.6686847833474,139.01355380816258,157611700
2021-01-26,139.1010284423828,140.20870575076052,137.36177150504042,139.528555618627,98390600
2021-01-27,138.03221130371094,140.20870656534407,136.42899920964183,139.363363343346,140843800
2021-01-28,133.20306396484375,137.96414245615455,132.82412228395296,135.56417353512813,142621100
2021-01-29,128.21853637695312,132.86300755142042,126.51815423658083,131.97880528014946,177523800
2021-02-01,130.3367462158203,131.5415940017464,127.21775238608966,129.95780442586786,106239800
2021-02-02,131.16259765625,132.44516363255974,130.79336715381646,131.88160674900686,83305400
2021-02-03,130.14242553710938,131.92054165395052,129.82178018887643,131.91081569341782,89880900
2021-02-04,133.49461364746094,133.50432478243863,130.7739984115147,132.43552171463995,84183100
2021-02-05,133.08099365234375,133.72324245824956,132.20521062487953,133.65513325973174,75693800
2021-02-08,133.2269744873047,133.2756324021585,131.29050232328603,132.3706427004726,71297200
2021-02-09,132.35118103027344,134.1708861386868,132.19549648512387,132.94477197557092,76774200
2021-02-10,131.74789428710938,133.30485887781032,130.78452077617774,132.80856880476307,73046600
2021-02-11,131.49485778808594,132.72095704438246,130.17144270344224,132.24413324277845,64280000
2021-02-12,131.7283935546875,131.88409294253404,130.09359452723146,130.7358433658653,60145100
2021-02-16,129.60708618164062,132.35121823326722,129.21783758857316,131.8452173347529,80576300
2021-02-17,127.32028198242188,128.6631634845205,125.98714097419074,127.71925617483,97918500
2021-02-18,126.22069549560547,126.50288771185818,123.98256451257895,125.72440543319924,96856700
2021-02-19,126.37638092041016,127.19379548505816,125.3351725587671,126.7364377000899,87668800
2021-02-22,122.6104736328125,126.23040308983671,122.22123254914695,124.56639727156255,103916400
2021-02-23,122.47425079345703,123.30138352656303,115.20519947854247,120.43074421044315,158273000
2021-02-24,121.97795867919922,122.18230857916163,118.94189453786483,121.57899194807914,111039900
2021-02-25,117.7352523803711,123.05810538980377,117.29736077604736,121.32599026278942,148199500
2021-02-26,117.99800872802734,121.49143122307309,117.93961772875939,119.29222499597206,164560400
2021-03-01,124.35232543945312,124.48855870917815,119.48683030882653,120.42100448300808,116307900
2021-03-02,121.754150390625,125.25730532990295,121.64710890595583,124.95564701355688,102260900
2021-03-03,118.7764663696289,122.32827934815643,118.56238339310273,121.45248872789318,112966300
2021-03-04,116.89838409423828,120.27503892466773,115.42900990064756,118.47480719948628,178155000
2021-03-05,118.15370178222656,118.65971751818749,114.40727138827786,117.72554318736458,153766600
2021-03-08,113.22981262207031,117.74499188213018,113.08384627126932,117.67687524164398,154376600
2021-03-09,117.83256530761719,118.77647261328785,115.59444185391254,115.8279835568737,129525800
2021-03-10,116.75244140625,118.88352353506721,116.23669261108125,118.4164400921035,111943300
2021-03-11,118.67914581298828,119.89551948779854,117.99797952475683,119.2435449798976,103026500
2021-03-12,117.77420806884766,117.91044137804593,115.95451711420276,117.16115817745542,88105100
2021-03-15,120.65454864501953,120.6642817142442,117.18058534747087,118.14395874848536,92403800
2021-03-16,122.19204711914062,123.79766203262986,121.36491441345117,122.31854732264155,115227900
2021-03-17,121.40383911132812,122.47424657756945,119.04893377660937,120.71293967926185,111932600
2021-03-18,117.28764343261719,119.86635775445424,117.0832934949232,119.5744250296585,121229700
2021-03-19,116.76214599609375,118.16341092060107,116.4604876842397,116.67457065039011,185549500
2021-03-22,120.07069396972656,120.5377847911862,117.024896545298,117.0930131834112,111912300
2021-03-23,119.2435531616211,120.89781850320577,118.85431207414345,120.01230226774646,95467100
2021-03-24,116.85945892333984,119.59387224546333,116.84000020937296,119.51602254128295,88530500
2021-03-25,117.34600830078125,118.38723138862223,115.79878440882977,116.32425877519718,98844700
2021-03-26,117.94933319091797,118.21207408800578,115.72093550893463,117.11246742653448,94071200
2021-03-29,118.12449645996094,119.28248673827066,117.48225492917581,118.3775042989523,80819200
2021-03-30,116.67457580566406,117.16112532326552,115.66255191815422,116.8789257121579,85671900
2021-03-31,118.86404418945312,120.19718506636265,117.89094519064328,118.3774946900482,118323800
2021-04-01,119.69117736816406,120.83943448866229,119.19489479787379,120.33342627373456,75089100
2021-04-05,122.51317596435547,122.76618380455446,119.75930377924526,120.53778601486208,88651200
2021-04-06,122.81482696533203,123.71007628588559,122.26989388745704,123.09702657327624,80171300
2021-04-07,124.4593505859375,124.47880929727646,121.77359554768178,122.44503616328456,83466700
2021-04-08,126.85319519042969,126.88238697462579,125.0626964676061,125.48112193995918,88844600
2021-04-09,129.42218017578125,129.46109760648577,125.9871415439433,126.30826602843275,106686700
2021-04-12,127.70954132080078,129.27623158953074,127.1159502289636,128.95510707935833,91420000
2021-04-13,130.81370544433594,131.03752892907758,128.380957683949,128.87724772998885,91266500
2021-04-14,128.47825622558594,131.36836136344672,128.11821435701262,131.3099778007929,87222800
2021-04-15,130.88182067871094,131.36837019796266,130.04495491166549,130.22012045971883,89347100
2021-04-16,130.55091857910156,131.04719354571094,129.6945870147807,130.68715179630652,84922400
2021-04-19,131.212646484375,131.82570351653897,129.75299819698287,129.91842322109008,94264200
2021-04-20,129.52920532226562,131.88410306298763,128.26417368348118,131.38782793049364,94812300
2021-04-21,129.90867614746094,130.1519508218944,127.76786198210814,128.7993442259767,68847100
2021-04-22,128.39068603515625,130.54122653689166,127.8749447465964,129.46108603950333,84566500
2021-04-23,130.70669555664062,131.48516306112936,128.6047976585629,128.6047976585629,78657500
2021-04-26,131.09588623046875,131.42673629598994,129.96708793224363,131.20292770440926,66905100
2021-04-27,130.77476501464844,131.7673300838562,130.5022985012677,131.3780816016613,66015800
2021-04-28,129.986572265625,131.3878372667235,129.50002274292763,130.69693041123548,107760100
2021-04-29,129.8892822265625,133.38271977828063,128.88699119854815,132.79885429572334,151101000
2021-04-30,127.9236068725586,129.96710595621136,127.54409883928643,128.23499084555246,109839500
2021-05-03,128.9745330810547,130.46338819019584,128.28364111599663,128.48798358801744,75135100
2021-05-04,124.41069793701172,127.95278490720769,123.2916326716947,127.66085225567952,137564700
2021-05-05,124.65399932861328,126.94077328039651,124.52749169549318,125.72439941828402,84000900
2021-05-06,126.24987030029297,126.25959594495404,123.71007387822482,124.44963120105919,78128300
2021-05-07,126.9224624633789,127.9459401484153,126.21088280565189,127.54630313860244,78973300
2021-05-10,123.64727020263672,126.26934761190338,123.6082792363769,126.14263998590019,88071200
2021-05-11,122.73101806640625,123.08192191649415,119.67029018955704,120.38186236478138,126142800
2021-05-12,119.6702880859375,121.4930768252382,119.16342036759427,120.28438654552215,112172300
2021-05-13,121.81474304199219,122.96495055227784,121.12267010296466,121.43459040557941,105861300
2021-05-14,124.23213195800781,124.66102519199373,122.67253033910511,123.06243260302256,81918000
2021-05-17,123.0819091796875,123.72524895126948,122.00968366381709,123.61802565600583,74244600
2021-05-18,121.6977767944336,123.78374532662899,121.62954445690447,123.36460169987382,63342900
2021-05-19,121.54182434082031,121.76601312715728,119.75802646818856,120.05045503106065,92612000
2021-05-20,124.09565734863281,124.49530918227134,121.94145662294912,122.06817912472063,76857100
2021-05-21,122.26313781738281,124.76825004025154,122.04869119774337,124.59279439116175,79295400
2021-05-24,123.89096069335938,124.70975612799803,122.76025239580743,122.82848472896345,63092900
2021-05-25,123.6960220336914,125.08017543327662,123.1306641265909,124.59279202902988,72009500
2021-05-26,123.64727020263672,124.17363709199465,123.22812661130169,123.75449350065962,56575900
2021-05-27,122.11692810058594,124.41734339161216,121.92198067731965,123.24764397847942,94625600
2021-05-28,121.4638442993164,122.62380153028337,121.405361560534,122.39960530367183,71311100
2021-06-01,121.14215850830078,122.1851426884376,120.81074644955004,121.92196296159237,67637100
2021-06-02,121.90245056152344,122.07790617267895,120.91795665587394,121.14214539210477,59278900
2021-06-03,120.42086029052734,121.69778300232346,120.02120840977952,121.5320769508381,76229200
2021-06-04,122.71151733398438,122.97470451422886,120.72302254551224,120.93746915555829,75169300
2021-06-07,122.72127532958984,123.13066937489863,121.67829101219802,122.9844550910691,71057600
2021-06-08,123.54004669189453,125.21662849111421,123.0234294041827,123.40358202860334,74403800
2021-06-09,123.92021179199219,124.52456067367201,123.32561251203367,123.99819373222839,56877900
2021-06-10,122.92596435546875,124.95345011953233,122.76025831506651,123.81298472926724,71186400
2021-06-11,124.13465118408203,124.22238272093318,122.91621132668672,123.33535493510138,53522400
2021-06-14,127.18560791015625,127.24409063710856,123.86170821216966,124.592772046137,96906500
2021-06-15,126.3668441772461,127.30261260822043,126.12315618593904,126.65927274152149,62746300
2021-06-16,126.86396026611328,127.58528206314801,125.21664196538165,127.07840688486591,91815000
2021-06-17,128.46255493164062,129.20337594415264,126.37658632134162,126.52280804022224,96721700
2021-06-18,127.16615295410156,128.18963065921508,126.95170632339287,127.40984095504005,108953300
2021-06-21,128.95970153808594,129.06692486047993,125.94772121838587,127.01019740258512,79663300
2021-06-22,130.59725952148438,130.69474066397615,128.29684436989922,128.7939773736595,74783600
2021-06-23,130.32435607910156,130.92871251033458,129.86622139067492,130.39259586711862,60214200
2021-06-24,130.0417022705078,131.240643382898,129.57381047785972,131.0554380741672,68711000
2021-06-25,129.74920654296875,130.50951172104854,129.45677804212312,130.09037560621056,70783700
2021-06-28,131.37705993652344,131.83519451956099,129.98317185834844,130.04165459260284,62111300
2021-06-29,132.88792419433594,133.0438880631515,130.9579196567259,131.3965550234282,64556100
2021-06-30,133.5020294189453,133.9406648079474,132.43953852296474,132.73196707347742,63261400
2021-07-01,133.80421447753906,133.86269721920397,132.33232940247316,133.15113240638843,52485800
2021-07-02,136.42628479003906,136.46526832234767,134.27207651002422,134.41828334809892,78852600
2021-07-06,138.43426513671875,139.53572463895688,136.53350195950557,136.53350195950557,108181800
2021-07-07,140.91989135742188,141.23180423568894,139.0581116318865,139.91588320227135,104911600
2021-07-08,139.62342834472656,140.42271694428075,137.1183095251409,138.00533707496902,105575500
2021-07-09,141.4462432861328,141.97260274724476,139.04834716131978,139.1458282969305,99890800
2021-07-12,140.8516387939453,142.62569425576672,140.36426288116348,142.51847096001342,76299700
2021-07-13,141.96287536621094,143.7369310790402,140.00362927408963,140.39352411006757,100827100
2021-07-14,145.38421630859375,145.7936251287686,143.95133005857537,144.36073887875023,127050800
2021-07-15,144.7311553955078,146.21278242197315,143.37625087333885,145.47197634550716,106820300
2021-07-16,142.6939239501953,145.97883295333372,142.19680585690423,144.71166743629377,93251400
2021-07-19,138.85340881347656,140.43251704679776,138.0931035014654,140.12058929133983,121434600
2021-07-20,142.4600067138672,143.38603306380864,139.35056015600642,139.83793618290784,96350000
2021-07-21,141.72891235351562,142.44049190950972,140.97836414159778,141.85563485293181,74993500
2021-07-22,143.09356689453125,144.45821346206498,142.1285572602189,142.25527975346566,77338200
2021-07-23,144.80918884277344,144.96515276915133,143.21059578124644,143.82469444539782,71447400
2021-07-26,145.22825622558594,146.0470440562457,143.97081824593766,144.5264338354404,72434100
2021-07-27,143.06431579589844,145.44271240050767,141.8751174935938,145.35497344078965,104818600
2021-07-28,141.3195037841797,143.25926511063363,138.9411071473103,141.1537977724019,118931200
2021-07-29,141.96287536621094,142.84990322262558,140.92964066468824,141.03686397561236,56699500
2021-07-30,142.1772918701172,142.63542638578699,140.4714762953773,140.73466343435456,70440600
2021-08-02,141.84593200683594,143.23982039265098,141.58274477107045,142.6647202141764,62880000
2021-08-03,143.63941955566406,144.30224361135603,141.51445299043982,142.12855135709023,64786600
2021-08-04,143.23980712890625,144.05859526042843,142.58672505684436,143.55173491626834,56368300
2021-08-05,143.34701538085938,144.107320690727,142.47948676454712,143.26903344221475,46397700
2021-08-06,142.66366577148438,143.61059289976055,142.16580285802874,142.86867690985883,54126800
2021-08-09,142.61485290527344,143.21034301067533,142.05841963396023,142.72223685529076,48908700
2021-08-10,142.13653564453125,144.196344465899,141.84366893661831,142.9565505100319,69023100
2021-08-11,142.3903045654297,143.22984760890972,142.06815276895088,142.57578725696132,48493500
2021-08-12,145.3482666015625,145.50446416374155,142.37081574173467,142.71249604702388,72282600
2021-08-13,145.55322265625,145.8851311783526,144.7429648670134,145.42631032305218,59375000
2021-08-16,147.52520751953125,147.59354953492934,142.98582599022765,145.00657783567002,103296000
2021-08-17,146.61734008789062,148.07188700426227,145.5435005089824,146.6563820290242,92229700
2021-08-18,142.87847900390625,147.13476660342323,142.6734678004844,146.23665278463994,86326000
2021-08-19,143.21034240722656,144.4794213850425,141.0626783117476,141.5800696426097,86960300
2021-08-20,144.66485595703125,144.9674792880399,143.28839348778612,143.93269697072802,60549600
2021-08-23,146.1487274169922,146.61730507779947,144.3720141553827,144.78202147056598,60131800
2021-08-24,146.06088256835938,147.27139120779157,145.60206158624175,145.89492826143862,48606400
2021-08-25,144.8308563232422,146.74423897086186,144.28417982272728,146.24636116832204,58991300
2021-08-26,144.0303497314453,145.57276688380205,144.00106455542348,144.82109417148567,48597200
2021-08-27,145.06512451171875,145.21155036889095,143.3372249180138,143.97175682684613,55802400
2021-08-30,149.4776153564453,149.83882401907485,145.07490345956626,145.45562564226032,90956700
2021-08-31,148.2183074951172,149.16523456794167,147.69114453920625,149.02856544896787,86453100
2021-09-01,148.8821563720703,151.2934023311897,148.71620204197066,149.1945515081308,80313700
2021-09-02,149.99502563476562,151.0395800272227,148.77476016459727,150.20979354918074,71115500
2021-09-03,150.62957763671875,150.95172951907767,149.44835406806936,150.10241459437898,57808700
2021-09-07,152.96270751953125,153.51914078415754,150.71741625258127,151.2836211735212,82278300
2021-09-08,151.42031860351562,153.30440154284446,150.31719373274197,153.24583117728486,74420200
2021-09-09,150.40504455566406,152.39651120399355,150.28788894400816,151.79126431107525,57305700
2021-09-10,145.42633056640625,151.7814665359228,145.16274910531013,151.3128888573864,140893200
2021-09-13,145.99252319335938,147.81803506194143,145.21155053067017,147.04683405361763,102404300
2021-09-14,144.5966033935547,147.47644243735672,143.41539450679298,146.7735681841506,109296300
2021-09-15,145.48489379882812,145.8851443505808,142.88816593560387,145.02607290209997,83281300
2021-09-16,145.2506103515625,145.4263362978241,143.71796490468603,144.90894501042473,68034100
2021-09-17,142.58555603027344,145.27991132028194,142.29268938190515,145.27991132028194,129868800
2021-09-20,139.53977966308594,141.39457695669392,137.90950701335717,140.37932278347847,123478900
2021-09-21,140.0181121826172,141.1602935933769,139.38358019514303,140.50621829477157,75834000
2021-09-22,142.38058471679688,142.94677480134484,140.28171911608493,141.01387841720836,76404300
2021-09-23,143.33724975585938,143.5813028239796,142.17555476827644,143.1615238009879,64838200
2021-09-24,143.42510986328125,143.96202960944674,142.09746053449825,142.1950877231893,53477900
2021-09-27,141.91197204589844,142.48794860245857,140.39885495340664,142.00959923062172,74150700
2021-09-28,138.53428649902344,141.30672576458994,138.31951860844126,139.84240736288436,108972300
2021-09-29,139.4324188232422,141.013878143942,138.65144592439347,139.08098176355122,74602000
2021-09-30,138.13406372070312,140.9455603850025,137.91929578685694,140.24268621892764,89056700
2021-10-01,139.25669860839844,139.52028013802934,135.80091312494108,138.52453927839463,94639600
2021-10-04,135.83021545410156,138.82719517325862,134.98091529074117,138.38788760314102,98322000
2021-10-05,137.75332641601562,138.8564511470798,136.0449547897289,136.17186716291496,80861100
2021-10-06,138.6221466064453,138.76857249312508,135.07849119061893,136.15233067899587,83221100
2021-10-07,139.88145446777344,140.7893396562003,139.32502120039112,139.65692980871162,61732700
2021-10-08,139.5007781982422,140.75032916697114,139.16886948063475,140.6039032315039,58773200
2021-10-11,139.4128875732422,141.36531233280488,138.43667519346084,138.88573944232053,64452200
2021-10-12,138.143798828125,139.84241361250955,137.68497785008697,139.82288519545196,73035900
2021-10-13,137.55807495117188,138.0364094315763,135.88874541033104,137.88022678873125,78762700
2021-10-14,140.3402862548828,140.45744186952987,138.1438084019397,138.72954178771872,69907100
2021-10-15,141.3945770263672,141.453147377337,140.09621296187518,140.35003767716657,67940300
2021-10-18,143.0638885498047,143.3469835092285,139.75453007307178,140.03762503249558,85589200
2021-10-19,145.22134399414062,145.62159463310732,143.06392303976392,143.51297237963328,76378900
2021-10-20,145.7094268798828,146.1877762179813,144.5965455732881,145.1627504339508,58418800
2021-10-21,145.92422485351562,146.0804224119474,144.35252229936606,145.27016433537898,61421000
2021-10-22,145.15301513671875,146.6075619891813,145.1042015405824,146.12922747617256,58883400
2021-10-25,145.1042022705078,145.8168331110648,144.10846150842693,145.14324421012236,50720600
2021-10-26,145.7680206298828,147.25185252804923,145.4653823192533,145.77777738990952,60893400
2021-10-27,145.3092041015625,146.16826078037482,144.95776708428832,145.80706700277705,56094900
2021-10-28,148.9407196044922,149.52643805425132,146.1585085567286,146.256135746264,100077900
2021-10-29,146.23660278320312,146.37327190681347,142.92724374395107,143.7179733088264,124953200
2021-11-01,145.41661071777344,146.13899838558393,144.2842007193759,145.44589589912687,74588300
2021-11-02,146.45138549804688,147.96451766703325,145.11396440756303,145.12373606469237,69122000
2021-11-03,147.88641357421875,148.35499132920407,146.25614074482093,146.81257403590004,54511500
2021-11-04,147.36907958984375,148.80409859211414,147.0566843677005,147.97432671296625,60394600
2021-11-05,147.89694213867188,148.79636649786093,146.70422366033108,148.49330137784227,65463900
2021-11-08,147.07574462890625,148.18047945260236,146.80200740282297,148.02405391839477,55020900
2021-11-09,147.43746948242188,148.04359979638906,146.7042415538898,146.84111017051336,56787900
2021-11-10,144.61209106445312,146.77267581374304,144.54366421842147,146.6651351263565,65187100
2021-11-11,144.5631866455078,146.0882980655143,144.37743321812488,145.62882237351127,41000000
2021-11-12,146.63577270507812,147.03659252052734,144.18189439318962,145.11064651980587,63804000
2021-11-15,146.6455535888672,148.48351596746593,146.08829332480207,147.00727451410145,59222800
2021-11-16,147.62319946289062,148.102247003654,146.00031832566742,146.58690654221206,59256200
2021-11-17,150.0575408935547,151.53376771191043,147.61344786594324,147.62321886773208,88807000
2021-11-18,154.3395538330078,155.12166644396783,149.62735108476016,150.27259510761894,137827700
2021-11-19,156.95960998535156,157.41910052968012,153.02950540265965,154.12445397592487,117305600
2021-11-22,157.4191131591797,161.9944471367291,157.39955624235793,158.06434223873075,117467900
2021-11-23,157.80043029785156,158.18170822428823,155.50297681960475,157.5169071447605,96041900
2021-11-24,158.3185272216797,158.51405162465102,156.06995929361992,157.15513688529995,69463600
2021-11-26,153.30325317382812,156.8618512011978,152.86331951425362,156.0015407986573,76959800
2021-11-29,156.65660095214844,157.58535337179862,155.23901498169408,155.80604638636365,88748200
2021-11-30,161.6034393310547,161.81852071802552,156.34374618750323,156.41218795497596,174048100
2021-12-01,161.0852813720703,166.49161375206606,160.8506430799377,163.73466976035556,152052500
2021-12-02,160.09780883789062,160.52797144851237,154.27110143280012,155.190082479573,136739200
2021-12-03,158.2208251953125,161.27106387224808,156.1482387862574,160.35208237613887,118023100
2021-12-06,161.62298583984375,164.12573463510114,160.60623481829575,160.61600581977925,107497000
2021-12-07,167.35186767578125,167.74293136363414,164.57538262102042,165.2988392553825,120405400
2021-12-08,171.1646728515625,172.02499811029608,166.88261839066362,168.2806469361057,116998900
2021-12-09,170.6563262939453,172.79735388590385,170.03063915946248,170.9985052389604,108923700
2021-12-10,175.43699645996094,175.61297891700764,170.78344865474102,171.29182418696914,115402700
2021-12-13,171.80995178222656,178.05705234389498,171.60464142456377,177.06962931153166,153237000
2021-12-14,170.43148803710938,173.76523433574428,168.3589020297747,171.33091243496327,139380400
2021-12-15,175.29034423828125,175.4858686850592,168.45665517933287,171.19404218690133,131063300
2021-12-16,168.40774536132812,177.08916675225177,166.9315188519041,175.27076132354634,150185800
2021-12-17,167.31280517578125,169.59070130648584,165.89523442801953,166.12985777423478,195432700
2021-12-20,165.95391845703125,166.76535914150864,163.71513578207376,164.51679054709132,107499100
2021-12-21,169.12144470214844,169.3267401361631,165.3379790393109,167.72341591348743,91185900
2021-12-22,171.712158203125,171.92723953166936,168.30019977990446,169.17029609354066,92135300
2021-12-23,172.33787536621094,172.8951357013555,171.35046721642092,171.9174985527305,68356600
2021-12-27,176.29730224609375,176.3852860059842,173.1102106304085,173.12975263201184,74919600
2021-12-28,175.28054809570312,177.2749361221624,174.5375492742612,176.1311025117923,79144300
2021-12-29,175.36856079101562,176.5906072567406,174.15628532669507,175.31967594887476,62348900
2021-12-30,174.21493530273438,176.53194546765312,174.10739462067014,175.45653864701075,59773000
2021-12-31,173.59902954101562,175.2218958133562,173.29594950484335,174.1073900997929,64062300
2022-01-03,177.93972778320312,178.79028222604728,173.73590007898758,173.85321176039008,104487900
2022-01-04,175.681396484375,178.8489462858369,175.1143651356069,178.5458811499138,99310400
2022-01-05,171.00827026367188,176.14086475419518,170.73453308424857,175.59339039534856,94537600
2022-01-06,168.15357971191406,171.3797850968752,167.80162976232634,168.83792269234627,96904000
2022-01-07,168.31979370117188,170.24574016447164,167.20528789803654,169.02369367342152,86709100
2022-01-10,168.3393096923828,168.64237476166727,164.4092049558039,165.29885816519484,106765600
2022-01-11,171.1646728515625,171.26242759251966,166.99994496438987,168.4664003367464,76138300
2022-01-12,171.60462951660156,173.21772467571947,170.91051556767007,172.1814317936139,74805200
2022-01-13,168.3393096923828,172.67023424322653,167.94824595979313,171.8490227811223,84505800
2022-01-14,169.19964599609375,169.89375992557677,167.26391395832079,167.50832321300913,80440800
2022-01-18,166.0028076171875,168.68152412823068,165.62152968734614,167.67455895666092,90956700
2022-01-19,162.51258850097656,167.2541337478389,162.22908034487583,166.1982840356235,94815000
2022-01-20,160.83106994628906,165.8854518373375,160.50844792121475,163.24583471657064,91420500
2022-01-21,158.7780303955078,162.61036568511253,158.67048972769118,160.74307541554964,122848900
2022-01-24,158.00570678710938,158.67050778679211,151.24045969712583,156.44149634340394,162294600
2022-01-25,156.20681762695312,159.12017131763488,153.50854524070638,155.42470514878522,115798400
2022-01-26,156.11888122558594,160.71377291639465,154.29070450112417,159.84367643647036,108275300
2022-01-27,155.6593475341797,160.1760252131081,154.7403664665498,158.81711052646853,121954600
2022-01-28,166.52093505859375,166.54049197821774,159.15932862262193,162.00425626677838,179935700
2022-01-31,170.8714141845703,171.0864955438015,165.71926239899202,166.35473547583268,115541600
2022-02-01,170.7052459716797,170.93009836904955,168.45667724529795,170.1186576369502,86213900
2022-02-02,171.90771484375,171.94682868403083,169.45385093947993,170.84209391826516,84914300
2022-02-03,169.033447265625,172.29876649074853,168.27089152715305,170.57811566132818,89418100
2022-02-04,168.7495880126953,170.4234840013588,167.07569202403184,168.05457472378333,82465400
2022-02-07,168.0349884033203,170.27662295458384,167.3399751947351,169.20964451994723,77251200
2022-02-08,171.13807678222656,171.6471000057892,167.80986639624405,168.1035342150904,74829200
2022-02-09,172.55743408203125,172.91961588647231,171.20657123174874,172.3322952525055,71285000
2022-02-10,168.48526000976562,171.77430598076174,167.92730472233933,170.46260694632986,90865900
2022-02-11,165.07876586914062,169.42500712943504,164.49143031742815,168.6908451580762,98670700
2022-02-14,165.313720703125,165.9989356288058,163.04270559336564,163.83559821712237,86185500
2022-02-15,169.14111328125,169.29773807776493,166.654758116967,167.35955476472148,62527400
2022-02-16,168.9061737060547,169.67948428764964,166.45896752351715,168.22095896225642,61177400
2022-02-17,165.313720703125,168.2797341887302,164.91237519788157,167.41831260412283,69589300
2022-02-18,163.76705932617188,166.93862933962222,162.68049906023276,166.23384762062662,82772700
2022-02-22,160.85000610351562,163.16995323151656,158.72581758393332,161.49605730830203,91162800
2022-02-23,156.68975830078125,162.6413518716535,156.37650867254357,162.04423283731927,90009200
2022-02-24,159.30337524414062,159.4110529381091,148.7901697172211,149.3579234730035,141147500
2022-02-25,161.36878967285156,161.6330771993794,157.472826482258,160.38010876655954,91974200
2022-02-28,161.6331024169922,161.9267702066246,158.99990563300975,159.6166064975814,95056600
2022-03-01,159.75367736816406,163.08188800417662,158.54965565066482,161.2220016361372,83474400
2022-03-02,163.04269409179688,163.82580321014547,159.50892707803538,160.91852050375005,79724800
2022-03-03,162.71966552734375,165.34307890598984,162.0540324670775,164.91236813214016,76678400
2022-03-04,159.72427368164062,162.05401907314567,158.67687705595137,161.01640589639365,83737200
2022-03-07,155.9359893798828,161.53519862355543,155.6814703637219,159.91025004561254,96418800
2022-03-08,154.1152801513672,159.44040392728598,152.50991327214726,155.46614292973925,131148300
2022-03-09,159.50892639160156,159.95921898709753,156.04368834876885,158.06996768709067,91454900
2022-03-10,155.17247009277344,157.00297572975708,152.68609998585092,156.81698565051138,105342000
2022-03-11,151.4625244140625,155.9164439341305,151.23738556277695,155.57382899544626,96970100
2022-03-14,147.43931579589844,150.86540543880508,146.93030751756515,148.25179027503273,108732100
2022-03-15,151.8148956298828,152.28477002224423,147.2043670461277,147.71337523300835,92964300
2022-03-16,156.21986389160156,156.62120932527256,151.19820652447248,153.73350876565036,102300200
2022-03-17,157.2281494140625,157.6001296550613,154.3012994227279,155.26060037752023,75615400
2022-03-18,160.5171661376953,161.0066074424884,156.3862803303168,157.1204422875064,123511700
2022-03-21,161.88763427734375,162.8371517415441,159.5676719986422,160.0571133745572,95811400
2022-03-22,165.25497436523438,165.84229498697943,161.42753966012307,162.01486028186812,81532000
2022-03-23,166.6156005859375,168.9942779440516,164.1096487837443,164.44248019289995,98062700
2022-03-24,170.39410400390625,170.46261801995993,166.61561651162776,167.44765777264146,90131400
2022-03-25,171.03041076660156,171.57858276640368,169.10201037950475,170.20815276689837,80546200
2022-03-28,171.89175415039062,172.0189987045939,168.36777156168486,168.53417977607376,90371900
2022-03-29,175.1808319091797,175.22976408859992,172.61614940998814,172.95876428530602,100589400
2022-03-30,174.0159454345703,175.8170856417981,172.96853399467147,174.77947258625517,92633200
2022-03-31,170.9227294921875,174.27050693821633,170.71715752826566,174.0845168128981,103049300
2022-04-01,170.62905883789062,171.18702920461877,168.3091113767006,170.35497284823808,78751300
2022-04-04,174.6718292236328,174.72077634534207,170.75629847192283,170.88355800105404,76468400
2022-04-05,171.3632049560547,174.53479031608524,170.73672061862993,173.7516811601631,73401800
2022-04-06,168.20138549804688,169.96337702443967,166.53728819844997,168.72019203962893,89058800
2022-04-07,168.50482177734375,169.69905954306716,166.26318757309542,167.54552117320154,77594700
2022-04-08,166.49815368652344,168.15246782773184,165.62694868711696,168.15246782773184,76575500
2022-04-11,162.24981689453125,165.46055114101816,162.0050962053992,165.14731642594322,72246700
2022-04-12,164.11944580078125,166.28276779117587,163.12098145475815,164.4718441031093,79265200
2022-04-13,166.8015899658203,167.42807423573976,163.24825626550125,163.8551587010773,70618900
2022-04-14,161.79946899414062,167.65319663324865,161.55474838858942,167.0169140968793,75329400
2022-04-18,161.58416748046875,163.08185675186522,160.11584349387897,160.45844346214486,69023900
2022-04-19,163.86495971679688,164.27610359926777,160.44866861751814,161.53522902332887,67723800
2022-04-20,163.69854736328125,165.31371275678185,162.59242008519655,165.19623667762264,67929800
2022-04-21,162.90562438964844,167.9077145784473,162.4063996901802,165.343047199771,87227800
2022-04-22,158.37342834472656,164.3250370614869,158.08955892864606,162.94482378114378,84882400
2022-04-25,159.44041442871094,159.7242838315626,155.11375480994548,157.71757136622622,96046400
2022-04-26,153.48880004882812,158.91180327087787,153.41048764569481,158.82370741856425,95623200
2022-04-27,153.263671875,156.41566043489684,152.09879906936447,152.61760570667977,88063200
2022-04-28,160.18438720703125,161.04580888521681,155.57384246237302,155.88709214046477,130216800
2022-04-29,154.32081604003906,162.69026417943107,153.92926902509257,158.4223359956449,131747600
2022-05-02,154.6243133544922,154.88860092145774,150.0333512355366,153.4007100151784,123055300
2022-05-03,156.1121826171875,157.31621889046943,153.01892515604405,154.8102670522691,88966500
2022-05-04,162.5141143798828,162.96439206944154,155.89685759161674,156.29820309411934,108256500
2022-05-05,153.45944213867188,160.61507214954577,151.67786848905013,160.38993331507154,130525300
2022-05-06,154.1848602294922,156.30235682996496,151.1458596477854,152.93984857664353,116124600
2022-05-09,149.067626953125,152.76344175992415,148.50885169375428,151.88114377776745,131577900
2022-05-10,151.4693603515625,153.65548649022554,149.92045170349726,152.4594939260044,115366700
2022-05-11,143.61700439453125,152.39087300235883,142.9405806152843,150.47925033829725,142689800
2022-05-12,139.75457763671875,143.32294594487018,136.06857557991273,139.9604516553776,182602000
2022-05-13,144.21499633789062,145.18551933414366,140.29371306035543,141.74458368466105,113990900
2022-05-16,142.6759033203125,144.616949555646,141.34266624082053,142.68571610317943,86643800
2022-05-17,146.30307006835938,146.82263885480765,143.79343645262884,145.93054340694096,78336300
2022-05-18,138.04879760742188,144.46008977155722,137.14688920750964,143.9601314929513,109742900
2022-05-19,134.6470947265625,138.87227582415818,133.91185397987616,137.1273056487035,136095600
2022-05-20,134.88235473632812,137.93115346240322,130.00036063657,136.3528361484188,137426100
2022-05-23,140.29371643066406,140.4407585737006,134.941158046499,135.07840236616943,117726300
2022-05-24,137.59786987304688,139.176187438702,134.6274981436638,138.03901137531423,104132700
2022-05-25,137.7547149658203,138.99971190055481,135.61760734755066,135.70583264997845,92482700
2022-05-26,140.9505157470703,141.49949297179577,134.4411865880973,134.68626677474316,90601500
2022-05-27,146.69522094726562,146.73442720207444,142.40141055796454,142.5288570634857,90978500
2022-05-31,145.91094970703125,147.69514080945274,143.9503080341332,146.1364342695409,103718400
2022-06-01,145.7834930419922,148.7538634677618,144.77374899266687,146.9500620711425,74286600
2022-06-02,148.23434448242188,148.29316134885798,143.96994216366954,144.92085472708317,72348100
2022-06-03,142.51907348632812,145.05810131692076,141.61717995046743,144.0091506541789,88570300
2022-06-06,143.2640838623047,145.6462712304333,142.0484806619193,144.13656879270374,71598400
2022-06-07,145.7834930419922,146.06777945381725,141.26421416659088,141.5092943334597,67808200
2022-06-08,145.0482635498047,146.92066479832334,144.5581031788664,145.6560576230458,53950200
2022-06-09,139.83297729492188,145.0384790561678,139.72514139394366,144.18560463111925,69473000
2022-06-10,134.43142700195312,137.98998215242344,134.36279735008839,137.5194322486073,91437900
2022-06-13,129.2847137451172,132.53937106937602,128.85337019356888,130.25522177759234,122207100
2022-06-14,130.1474151611328,131.25518271689248,128.89260543359612,130.51014411570253,84784300
2022-06-15,132.76487731933594,134.63729418113485,129.55923814253225,131.64731188113106,91533000
2022-06-16,127.50052642822266,129.78467578709342,126.50059498012912,129.48077871917013,108123900
2022-06-17,128.97103881835938,130.46113104749855,127.25547692933145,127.51036998343507,134520300
2022-06-21,133.19618225097656,134.36276639582726,130.6963761788774,130.7943992837295,81000500
2022-06-22,132.6864471435547,135.04900927487205,131.2747825760473,132.13745484401576,73409200
2022-06-23,135.5489501953125,135.86264504741038,132.9609040918498,134.12748814246305,72433800
2022-06-24,138.87225341796875,139.117333627322,137.01944763359853,137.1468791706762,89116800
2022-06-27,138.87225341796875,140.66624234545563,138.19582964679236,139.89178050713437,70207900
2022-06-28,134.7353057861328,140.59762053174873,134.61767206581916,139.3330131628478,67083400
2022-06-29,136.4901123046875,137.90177718278738,133.98049250296057,134.75495460399418,66242400
2022-06-30,134.0294647216797,135.64698810352084,131.1375212724895,134.5490335635321,98964500
2022-07-01,136.1959686279297,136.3038045198631,132.9903302157903,133.36284196732555,71051600
2022-07-05,138.77423095703125,138.82324999611623,134.23534018265374,135.05882114715405,73353800
2022-07-06,140.107421875,141.28380363283725,138.30363551574916,138.5683262727769,74064300
2022-07-07,143.46995544433594,143.66601661315485,140.46036340026106,140.4701612232241,66253700
2022-07-08,144.1463623046875,144.646335480772,142.14651447587394,142.4013924960781,64547800
2022-07-11,142.01910400390625,143.75427642973983,140.95055766241197,142.80336382609462,63141600
2022-07-12,142.9896240234375,145.52865186539117,142.19556639366533,142.89158593841137,77588800
2022-07-13,142.6268768310547,143.5679764107693,139.32318560371215,140.1760748610569,71185600
2022-07-14,145.5482635498047,146.01881345268225,140.43098661066193,141.24465485515523,78140700
2022-07-15,147.2147674560547,147.89119117713278,145.28353435270415,146.83244295612025,76259900
2022-07-18,144.17576599121094,148.58720894116726,143.81303717687484,147.7735410020435,81420900
2022-07-19,148.0284881591797,148.25395782693252,144.0189783944477,145.0090973341563,82982400
2022-07-20,150.0283203125,150.69494637561027,147.41086501912858,148.14610577429508,64823400
2022-07-21,152.29283142089844,152.50850317822432,148.9499341408544,151.4595528168205,65086600
2022-07-22,151.05764770507812,153.20455292364784,150.3910366563313,152.33206789895848,66675400
2022-07-25,149.94007873535156,151.9889458272938,149.28326552705713,150.97921649648936,53623900
2022-07-26,148.6166229248047,150.07729118277658,147.83236337932289,149.26362321320852,55138700
2022-07-27,153.70449829101562,154.23387992265205,149.16562296270044,149.57735592146827,78620700
2022-07-28,154.2534942626953,154.53778073211737,151.37134852302864,153.8907653704556,81378700
2022-07-29,159.31195068359375,160.40992030893383,156.36119003723385,158.06695385906744,101786900
2022-08-01,158.33164978027344,160.37071938994356,157.72385550686172,157.84148924790597,67829400
2022-08-02,156.86111450195312,159.21389322725332,156.4886027966237,156.94935473605096,59907000
2022-08-03,162.86070251464844,163.3116417148104,157.58657171952117,157.67479700322565,82507500
2022-08-04,162.54701232910156,163.89986001020398,161.19416464799912,162.74307352499065,55474100
2022-08-05,162.32122802734375,162.81206933981917,160.01426786699392,160.22042780912037,56697000
2022-08-08,161.8499755859375,164.73612429374802,161.19225016288922,163.32249921406247,60276900
2022-08-09,161.8990936279297,162.78261696114208,160.25968547297944,161.0155852740051,63135500
2022-08-10,166.13998413085938,166.23814341245296,163.8428352480907,164.60854654925055,70170500
2022-08-11,165.40371704101562,167.85792369494868,165.10920924668594,166.94495103045548,57149200
2022-08-12,168.9475555419922,169.01626552422525,166.2970009450499,166.7093207555899,68039400
2022-08-15,170.01760864257812,170.21394216296972,168.21131628811554,168.3782005294128,54091700
2022-08-16,169.86053466796875,170.52808660786044,168.51563433427114,169.61511402434292,56377100
2022-08-17,171.35272216796875,172.9234055360259,169.40899457207655,169.6053281206725,79542000
2022-08-18,170.9600372314453,171.69629926083016,169.9489052427666,170.56737014082248,62290100
2022-08-19,168.37818908691406,170.5575254675204,168.1720291679761,169.8605242913159,70346300
2022-08-22,164.50057983398438,166.74862666169574,164.07844847706937,166.58174239756778,69026800
2022-08-23,164.16677856445312,165.6196796113523,163.5974008535258,164.0195321647684,54147100
2022-08-24,164.46127319335938,165.03065085876125,163.20472075222654,164.2551282502834,53841500
2022-08-25,166.91551208496094,167.0234977835924,165.26629230145085,165.68840868200775,51218200
2022-08-26,160.62290954589844,167.91681938586046,160.56401098389765,167.44561591056575,78961000
2022-08-29,158.42393493652344,159.91608162954805,156.89251255304256,158.19813716461735,73314000
2022-08-30,155.99917602539062,159.58231130465205,154.8309714061125,159.16019500251252,77906200
2022-08-31,154.34014892578125,157.6386032608909,154.2616125155062,157.37354474862363,87991100
2022-09-01,155.0666046142578,155.51817026416148,151.836860169279,153.77077627080038,74229900
2022-09-02,152.95599365234375,157.4226533584457,152.13138370086696,156.82382625526336,76957800
2022-09-06,151.6994171142578,154.21252227519972,150.87480729194033,153.60388383195894,73714800
2022-09-07,153.10321044921875,153.80019664109167,150.7962505650505,151.98409298992328,87449600
2022-09-08,151.63070678710938,153.49589780674214,149.88329791132227,151.8074024718103,84923800
2022-09-09,154.48739624023438,154.92916542303703,151.91539245059826,152.62220516793604,68028800
2022-09-12,160.43641662597656,161.2512151668514,156.38207675156147,156.6667581794377,104956000
2022-09-13,151.02207946777344,157.59935128029267,150.56068735003652,156.9710748828432,122656600
2022-09-14,152.46510314941406,154.22232317214238,150.79624593389804,151.95462406702927,87965400
2022-09-15,149.5789794921875,152.3964188629796,148.60712326254628,151.81721471946022,90481100
2022-09-16,147.93955993652344,148.57766259301448,145.65223775657734,148.44022763272653,162278800
2022-09-19,151.6503448486328,151.7288812650201,146.368901915373,146.57504690151106,81474200
2022-09-20,154.0260009765625,155.18439428665013,150.27598106267698,150.59011171978128,107689800
2022-09-21,150.9042510986328,155.83230196535132,150.78645397951445,154.4579373320565,101696800
2022-09-22,149.94219970703125,151.6405063427645,148.14571882351763,149.58879338602387,86652500
2022-09-23,147.6744842529297,148.69544239271363,145.83874285871622,148.42057250414538,96029900
2022-09-26,148.00828552246094,150.95333323742267,146.8989794231201,146.91861726875362,93339400
2022-09-27,148.98013305664062,151.88591989139582,147.20329010150107,149.9421927062511,84442700
2022-09-28,147.0952911376953,147.88064007446383,142.18687900699845,144.9355927960457,146691400
2022-09-29,139.87014770507812,144.0324877695267,138.10311583907216,143.42384928540386,128138200
2022-09-30,135.66854858398438,140.4788028880648,135.47221503631138,138.69213315187477,124925300
2022-10-03,139.8406982421875,140.44935170481597,135.16789396191245,135.67837316238783,114311700
2022-10-04,143.4238739013672,143.54167105288877,141.6175660287155,142.37346603599343,87830100
2022-10-05,143.7183074951172,144.6803670999918,140.39040452379436,141.43100052371705,79471000
2022-10-06,142.76608276367188,144.8374334955695,142.5599378213271,143.13912691743977,68402200
2022-10-07,137.52391052246094,140.47878470691822,136.8956342636469,139.9290298735793,85925600
2022-10-10,137.84786987304688,139.29094450363405,136.03176603772727,137.84786987304688,74899000
2022-10-11,136.43426513671875,138.76086345268553,135.68819163523887,137.33741147407548,77033700
2022-10-12,135.80596923828125,137.78897231294513,135.62927355780315,136.58150689181417,70433700
2022-10-13,140.3708038330078,140.9598044199806,131.90868942611982,132.5173428390662,113224000
2022-10-14,135.84521484375,141.87274416009623,135.6586927916983,141.66658426591152,88598000
2022-10-17,139.80145263671875,140.282467627112,137.70065202144465,138.48600126569377,85250900
2022-10-18,141.11688232421875,144.0128431743189,138.03439937209953,142.825015544548,99136600
2022-10-19,141.224853515625,142.2948839097448,138.9080820775627,139.09460416043055,61758300
2022-10-20,140.76348876953125,143.21769564184982,140.03703814278057,140.4002709458009,64522000
2022-10-21,144.57241821289062,145.14179598739213,140.03703386545854,140.2530052619691,86548600
2022-10-24,146.71249389648438,147.47820529483582,143.32569117619283,144.493896124247,75981900
2022-10-25,149.54953002929688,149.69679141311283,146.62411995147127,147.34074408565283,74732300
2022-10-26,146.61428833007812,149.20592954793565,145.32827166402765,148.19479776463467,88194300
2022-10-27,142.14764404296875,146.31979510961392,141.48991849585923,145.35775035197634,109180200
2022-10-28,152.8872528076172,154.61500878306214,145.11232844918345,145.4853576495381,164762400
2022-10-31,150.53121948242188,151.41474288743174,149.13723186575905,150.35452378899333,97943200
2022-11-01,147.89047241210938,152.60255171953904,146.3983256985316,152.2393339638939,80379300
2022-11-02,142.3734130859375,149.38262560122348,142.34396380900958,146.22160672381153,93604600
2022-11-03,136.33609008789062,140.1842842462697,136.2084665510831,139.45783369878677,97918500
2022-11-04,136.07058715820312,140.28898493787645,132.1373429796548,139.71866273149064,140814800
2022-11-07,136.60157775878906,136.8277351131925,133.40581664759068,134.82178704829124,83374600
2022-11-08,137.1719207763672,139.0697043062685,135.19547054516553,138.06673762400212,89908500
2022-11-09,132.6191864013672,136.23777968306217,132.34386044564616,136.18861111865357,74917800
2022-11-10,144.4188995361328,144.4188995361328,137.171901375878,138.88286812786214,118854000
2022-11-11,147.20166015625,147.50648417895965,141.96061049585242,143.38642351170455,93979700
2022-11-14,145.80535888671875,147.77198095425382,144.96953850636208,146.48384590068005,73374100
2022-11-15,147.5359649658203,151.0267217594032,146.0806689942232,149.6795905900005,89868300
2022-11-16,146.30682373046875,147.36880131400713,144.83185736513215,146.6411608430867,64218300
2022-11-17,148.2046661376953,148.95197725260945,143.71092672522755,143.98625266251898,80389400
2022-11-18,148.76513671875,150.15160903599656,147.46717380781297,149.76811828911318,74829600
2022-11-21,145.5398712158203,147.8604860232478,145.2547175972566,147.65399909356225,58724100
2022-11-22,147.6736602783203,147.909660354169,144.47789906303868,145.65788443814483,51804100
2022-11-23,148.548828125,149.29613922514196,146.84768896962234,146.95585380028717,58301400
2022-11-25,145.63821411132812,146.3953678932279,144.66473067745702,145.83487333926465,35195900
2022-11-28,141.81312561035156,144.19273663104678,140.98714790150922,142.71777000634125,69246000
2022-11-29,138.8140411376953,142.393293327039,138.00773375100172,141.88196729880755,83763800
2022-11-30,145.55953979492188,146.23802684928043,138.2043770255708,139.04018245155586,111380900
2022-12-01,145.83486938476562,146.64119170281938,144.16324348642758,145.73654727553216,71250400
2022-12-02,145.3431854248047,145.5300169012177,143.21923022579475,143.52406921601985,65447400
2022-12-05,144.1829376220703,148.40133640660238,143.33728932207632,145.30391187981684,68826400
2022-12-06,140.5249786376953,144.84171332835018,139.55149534602168,144.61555599946504,64727200
2022-12-07,138.58786010742188,140.97729872796708,137.6635453309665,139.81699890501977,69721100
2022-12-08,140.2693328857422,141.12482380942538,138.7452125702619,139.98417924727298,62128300
2022-12-09,139.7875213623047,143.14061609699272,138.5485396692002,139.9645101732408,76097000
2022-12-12,142.07862854003906,142.08845624970894,138.70586361029962,140.31849324023466,70462700
2022-12-13,143.04225158691406,147.46715106267968,141.83278326469596,147.00499369488003,93886200
2022-12-14,140.82000732421875,144.2124280542218,138.80421630941913,142.9242927483946,82291200
2022-12-15,134.2219696044922,139.43352160827794,133.7598121718234,138.75503452609877,98931900
2022-12-16,132.26515197753906,135.35274779526193,131.49817062820333,134.4087776749108,160156900
2022-12-19,130.16087341308594,132.94364536804903,129.12840885731634,132.8551509782634,79592600
2022-12-20,130.09207153320312,131.02621414919912,127.72228799900502,129.19725476241064,77432800
2022-12-21,133.189453125,134.52675649615924,130.5345168010593,130.7606740979378,85928000
2022-12-22,130.02322387695312,132.31434056379908,128.12544063659777,132.10785363301125,77852100
2022-12-23,129.65940856933594,130.21006041152802,127.47645662054781,128.7350936895975,63814900
2022-12-27,127.85997009277344,129.21694451944998,126.57183466067443,129.18744638009963,69007800
2022-12-28,123.93650817871094,128.84322752624018,123.76934712426143,127.50592408651033,85438400
2022-12-29,127.44693756103516,128.30241331797103,125.59831560715067,125.8539710621533,75703700
2022-12-30,127.76158142089844,127.78125184057714,125.30331160781724,126.26695961626481,77034200
2023-01-03,122.98273468017578,128.7154334235932,122.09775307676175,128.10578526507297,112117500
2023-01-04,124.25118255615234,126.51280092971427,122.9925456360047,124.77233620258212,89113600
2023-01-05,122.93354797363281,125.63765344479737,122.67789249421179,125.0083349534918,80962700
2023-01-06,127.45677947998047,128.115596113896,122.80572219640975,123.907033324828,87754700
2023-01-09,127.97794342041016,131.18354745345354,127.72228791640812,128.292610198386,70790800
2023-01-10,128.54824829101562,129.06940194282927,125.98180587179891,128.08609090104719,63896200
2023-01-11,131.26219177246094,131.28184718963053,128.28276062052532,129.05956971451124,69458900
2023-01-12,131.18350219726562,132.01930740516633,129.24637865052426,131.64565949039473,71379600
2023-01-13,132.51100158691406,132.6683349676498,129.46274610687883,129.8265664212103,57809700
2023-01-17,133.67132568359375,134.99878678874634,131.89153482883353,132.57984966159466,63646600
2023-01-18,132.95352172851562,136.296774002363,132.77651790001315,134.5366534532576,69672800
2023-01-19,133.0124969482422,133.9761376268957,131.53753029546903,131.84235433638028,58280400
2023-01-20,135.56906127929688,135.7165669083965,131.97998269986445,133.0222897939842,80223600
2023-01-23,138.75503540039062,140.92815961902411,135.59860004292767,135.81492969380113,81760300
2023-01-24,140.15133666992188,140.77082749424633,137.95855701188813,137.96838472187488,66435100
2023-01-25,139.49252319335938,140.05300275817604,136.49342112366645,138.53871015801215,65799300
2023-01-26,141.55747985839844,141.8426334902846,139.53184628445516,140.78065564701856,54105100
2023-01-27,143.49456787109375,144.77287517943125,140.69214050710963,140.77080718806803,70555800
2023-01-30,140.61351013183594,143.12095684480488,140.4660194445421,142.540806802597,64015300
2023-01-31,141.8819580078125,141.93112656571586,139.90550801485074,140.31849689379183,65874500
2023-02-01,143.00291442871094,144.16322923439725,138.96152054070433,141.56728874190614,77663600
2023-02-02,148.30300903320312,148.6569866770964,145.69722523392414,146.41503824093917,118339000
2023-02-03,151.92153930664062,154.7534795979514,145.36285717719954,145.55951636317744,154357300
2023-02-06,149.19781494140625,150.54496158543438,148.26367223482333,150.0238078121574,69858300
2023-02-07,152.06906127929688,152.63938353904294,148.12598902287087,148.12598902287087,83322600
2023-02-08,149.3846435546875,152.00025508514892,148.6471601159277,151.31194020980092,64120100
2023-02-09,148.35215759277344,151.75442098443708,147.90967054867934,151.21359681759392,56007100
2023-02-10,148.71652221679688,149.04151212756338,146.95371454850684,147.19007494553122,57450700
2023-02-13,151.5133819580078,151.9171435900277,148.62787403653363,148.6574172040706,62199000
2023-02-14,150.873291015625,151.43464142437824,148.56883308158638,149.80969157828838,61707600
2023-02-15,152.97093200683594,153.13834833360136,150.55814431502776,150.7846469892343,65573800
2023-02-16,151.37551879882812,153.95572244720177,151.02098573800205,151.17854429955682,68167900
2023-02-17,150.23316955566406,150.67633223329352,148.55899109181487,150.03621003527854,59144100
2023-02-21,146.22494506835938,149.00212332766463,146.15601601247863,147.91882364629484,58867200
2023-02-22,146.6483917236328,147.67258982358598,144.92497033349784,146.60899081957194,51011300
2023-02-23,147.1309356689453,148.05666153497864,145.00375275195816,147.81045848665238,48394200
2023-02-24,144.48184204101562,144.9545478123535,143.50687229977612,144.87576101262292,55469600
2023-02-27,145.67344665527344,146.90446214048941,145.21058363066865,145.46664446890208,44998500
2023-02-28,145.1712188720703,146.81585399639758,144.60002580056587,144.81668575965537,50547000
2023-03-01,143.10308837890625,144.9939263960711,142.80764165155819,144.60000744430354,55479000
2023-03-02,143.6939697265625,144.48182259076125,141.71448733904464,142.18720807379,52238100
2023-03-03,148.73622131347656,148.81500811176437,145.09241829817535,145.79162671403117,70732300
2023-03-06,151.49371337890625,153.926201531547,151.1293375512549,151.4543124625378,87558000
2023-03-07,149.2975616455078,151.69064849711955,148.83469862838186,151.3656586110283,56182000
2023-03-08,150.5482635498047,151.1391569879468,149.5240652876753,150.48917721139935,47204800
2023-03-09,148.30291748046875,152.19292402611515,147.94838436334126,151.22781194000862,53833600
2023-03-10,146.24465942382812,148.64760438030467,145.3681768808884,147.92869544727571,68572400
2023-03-13,148.18470764160156,150.81415467329558,145.4567733693173,145.56510332314932,84457100
2023-03-14,150.27252197265625,151.07021762009597,147.82034869008896,148.98242012042218,73695900
2023-03-15,150.66644287109375,150.92248866561948,147.64306182318006,148.89377768233683,77167900
2023-03-16,153.4830322265625,154.08376844517147,149.33696504123728,149.84907174243986,76161100
2023-03-17,152.64590454101562,154.3594833307599,151.936838491952,153.7095036146111,98944600
2023-03-20,155.0094757080078,155.42311016638172,151.80883520237765,152.71487589238697,73641400
2023-03-21,156.86090087890625,156.97907354545168,154.1625097854557,154.93067719913012,73938300
2023-03-22,155.4329376220703,159.6774765177441,155.41323716716616,156.88061300312046,75701800
2023-03-23,156.51622009277344,159.09643867673987,155.28520465118157,156.41774787367245,67622100
2023-03-24,157.81617736816406,157.90480687220796,155.45263376473136,156.44728881765926,59196500
2023-03-27,155.87611389160156,158.32830230982592,155.47233717929535,157.5109061704178,52390300
2023-03-28,155.2556610107422,156.08291480553032,153.61102618902072,155.57080817581272,45992200
2023-03-29,158.3282928466797,158.60403911493316,156.92986104995282,156.94954647836764,51305700
2023-03-30,159.8941650390625,160.0024950198449,158.8207229739758,159.07676882534926,49501700
2023-03-31,162.39553833007812,162.49402556851254,159.45095924162882,159.972908545837,68749800
2023-04-03,163.64625549316406,163.76442815863666,161.7258745440201,161.775118163648,56976200
2023-04-04,163.114501953125,164.3061166832112,162.60239523685718,164.06977129650792,46278300
2023-04-05,161.27285766601562,162.54327395468036,159.3426339632527,162.23798454444034,51511700
2023-04-06,162.15924072265625,162.45468749786315,159.53963569062748,159.96309788102116,45390100
2023-04-10,159.5691375732422,159.5691375732422,157.6487565719111,158.96840146235982,47716900
2023-04-11,158.3578643798828,159.89416958590462,158.07226031922266,159.88432686993428,47644200
2023-04-12,157.66847229003906,159.59869619161648,157.35332510698044,158.77145737665472,50133100
2023-04-13,163.04554748535156,163.28190788405584,158.96842452673738,159.1752417539843,68445600
2023-04-14,162.7008819580078,163.79402444901268,161.3319931654023,162.09028798128088,49386500
2023-04-17,162.72055053710938,162.8781241294329,161.53877864877254,162.5826774005875,41516200
2023-04-18,163.94171142578125,164.86743742961687,163.13415809407996,163.57733566867122,49923000
2023-04-19,165.08412170410156,165.60607111909823,163.02585218946155,163.2819130529251,47720200
2023-04-20,164.1189727783203,165.3204450523275,163.04553091898333,163.56748026442403,52456400
2023-04-21,162.51376342773438,163.92203809382642,161.99181400338804,162.54330660065614,58337300
2023-04-24,162.8190460205078,163.0849495926161,161.40091367199096,162.49405610505224,41949600
2023-04-25,161.28274536132812,163.78416246885476,161.24334444666383,162.68117729099055,48714100
2023-04-26,161.27285766601562,162.76977657727082,160.32744626830737,160.58349205788602,45498800
2023-04-27,165.8522491455078,165.99996498511996,162.68115222078845,162.68115222078845,64902300
2023-04-28,167.10299682617188,167.2704281940491,165.33034614583897,165.93108244036668,55275900
2023-05-01,167.0143585205078,167.86129792357815,166.07878959348815,166.70906903109534,52472900
2023-05-02,165.98028564453125,167.76280882251325,164.9954731830596,167.50674796522142,48425700
2023-05-03,164.90682983398438,168.32412999077732,164.62124085601573,166.9256982160475,65136000
2023-05-04,163.27203369140625,164.50304913491388,161.8145156138655,162.38570858289833,81235400
2023-05-05,170.9338836669922,171.65279246173276,168.16654839153733,168.38320830672657,113453200
2023-05-08,170.8649444580078,171.20963479482143,169.49605587870553,169.86043164324718,55962800
2023-05-09,169.16123962402344,170.9043468501181,168.993823309898,170.42179836441701,45326900
2023-05-10,170.92405700683594,171.38692008917508,169.28926463206565,170.3922648627901,53724500
2023-05-11,171.11117553710938,171.9384144483228,169.5551699505623,171.20966280003566,49514700
2023-05-12,170.1841278076172,171.65351807079642,168.63582673684218,171.21959891598488,45533100
2023-05-15,169.6910858154297,170.815324358024,169.09937498339835,170.76601261404946,37266700
2023-05-16,169.6910858154297,170.74628490689332,169.42481443623242,169.61219003463674,42110300
2023-05-17,170.30252075195312,170.53919306240596,168.06389984598047,169.33607370599472,57951600
2023-05-18,172.62986755371094,172.81724313624747,170.19401507639674,170.60820660461047,65496700
2023-05-19,172.7383575439453,173.95134816577144,172.5213979143073,173.95134816577144,55809500
2023-05-22,171.79159545898438,172.2945540862593,171.05196458153654,171.57463586444004,43570900
2023-05-23,169.18812561035156,170.9829707500323,168.9119979039132,170.73642708015296,50747300
2023-05-24,169.46424865722656,170.03623176135926,168.16250594092847,168.72461766792532,45143500
2023-05-25,170.5983428955078,171.4957503105663,169.3163129553576,170.02635984381527,56058300
2023-05-26,173.00460815429688,173.33991896491864,170.71669083708804,170.92379413047703,54835000
2023-05-30,174.8487548828125,176.51539231960112,174.12885165758402,174.51345913931758,55964400
2023-05-31,174.79945373535156,176.87042648421155,174.3162227478627,174.87834951174753,99625300
2023-06-01,177.60020446777344,177.6297885060057,174.4838886927619,175.24324745233199,68901800
2023-06-02,178.4482879638672,179.2668146743205,176.78165050926717,178.52718373632618,61996900
2023-06-05,177.0972442626953,182.3929972823034,175.57852688511534,180.10507993454968,121946500
2023-06-06,176.73236083984375,177.62976831057978,174.97695616659206,177.4818481362361,64848400
2023-06-07,175.361572265625,178.70470351330488,174.8684849721747,175.97299569419778,61944600
2023-06-08,178.0735321044922,178.33978837820231,175.00652888652115,175.44043301517675,50214900
2023-06-09,178.45814514160156,179.7105759291869,178.13270574903748,178.99067275354267,48900000
2023-06-12,181.24903869628906,181.34766218390052,178.468033910057,178.76388932505995,54274900
2023-06-13,180.77566528320312,181.60404834381112,179.91769818813273,180.2727216495119,54929100
2023-06-14,181.40682983398438,181.84074910193183,179.50351991974284,180.8348467124019,57462900
2023-06-15,183.43833923339844,183.94129793003785,181.23917400121888,181.4166932611595,65433200
2023-06-16,182.36341857910156,184.4048073735327,181.7224110612984,184.14839232814637,101256200
2023-06-20,182.4521484375,183.52709013546678,181.8604527350327,181.8604527350327,49799100
2023-06-21,181.41665649414062,182.84660642171352,180.06558727963176,182.3436478270068,49515700
2023-06-22,184.41465759277344,184.46396933431626,181.13069423738702,181.19973368511316,51245300
2023-06-23,184.09909057617188,184.96692915011988,182.45218058994394,182.9847233686237,53117000
2023-06-26,182.70858764648438,185.45015206010262,182.66913223239737,184.2470177435845,48088700
2023-06-27,185.4600067138672,185.78544616190248,183.10304984582174,183.32000947784528,50730800
2023-06-28,186.63357543945312,187.27458302156515,185.00639308619472,185.33181751858015,51216800
2023-06-29,186.96884155273438,187.4422162021352,186.32783407243755,186.4658979165552,46347300
2023-06-30,191.2882843017578,191.79122791985353,188.6157445714927,188.98063939826477,85213200
2023-07-03,189.7991943359375,191.19956064074086,189.10885998965753,191.10093714903454,31458200
2023-07-05,188.6847686767578,190.311950580781,187.98457816150727,188.92145597370774,46920300
2023-07-06,189.1581268310547,189.36523009534062,186.5842108059987,187.21536187872596,45094300
2023-07-07,188.04376220703125,190.0062550438309,187.60985803081866,188.7636804868427,46815000
2023-07-10,186.0023956298828,187.36332142042107,184.4540942539423,186.6434031135775,59922200
2023-07-11,185.47972106933594,186.68285528837708,184.02018687082855,186.5447914459214,46638100
2023-07-12,187.14637756347656,189.04968751691854,185.86434744027207,187.05761040387253,60750200
2023-07-13,187.90570068359375,188.54672319895087,187.15621340871894,187.8662603208446,41342300
2023-07-14,188.05364990234375,188.53686585918993,187.00830716161786,187.6000029338883,41616200
2023-07-17,191.3079833984375,191.63342276659654,189.1581153127338,189.2468674000969,50520200
2023-07-18,191.05162048339844,191.6433313227349,189.75973403360663,190.67688432979497,48288200
2023-07-19,192.4026641845703,195.48938034906212,189.9865244553515,190.4303150490968,80507300
2023-07-20,190.4598846435547,193.7537038386121,189.83858989767532,192.39277822300156,59581200
2023-07-21,189.28636169433594,192.2744696321092,188.5861710830146,191.41650251566858,71951700
2023-07-24,190.08514404296875,192.21528467718613,189.59205676918674,190.73602285584008,45377800
2023-07-25,190.943115234375,191.75178560391285,190.2527960456413,190.65713123041024,37283200
2023-07-26,191.8109588623047,192.9351972994816,190.64728006234532,190.99243214213982,47471900
2023-07-27,190.54864501953125,194.47361545879667,189.88790988625553,193.30993672945922,47460200
2023-07-28,193.12258911132812,193.9115318637554,191.45595149688123,191.97862287270013,48291400
2023-07-31,193.7340087890625,193.77346420221568,192.56045853696887,193.34940127389015,38824100
2023-08-01,192.9055938720703,194.0101044929012,192.58015448246934,193.52688862020202,35175100
2023-08-02,189.91751098632812,192.48155598125388,189.19760772385698,192.3434921357412,50389300
2023-08-03,188.52700805664062,189.71041463976601,188.0536484329567,188.92148694956984,61235200
2023-08-04,179.4739227294922,184.78940327661547,179.40488328381886,182.95511789971007,115956800
2023-08-07,176.37730407714844,180.59812946369578,174.89804242164368,179.6119550266926,97576100
2023-08-08,177.314208984375,177.77771228390873,175.12490000933562,177.20572916857282,67823000
2023-08-09,175.72645568847656,178.42856448196,174.56276182695083,178.3693964131728,60378500
2023-08-10,175.50949096679688,178.25105509162734,175.14461118800062,176.99860916334498,54686900
2023-08-11,175.56875610351562,176.38838822312198,174.34425781198718,175.10464195853916,52036700
2023-08-14,177.21788024902344,177.44500246999712,175.09473274674426,175.74649049543365,43675600
2023-08-15,175.23297119140625,177.2376075606865,174.83797474088598,176.64511288490613,43622600
2023-08-16,174.36398315429688,176.30935657463468,174.29485048513217,174.9169842350172,46964900
2023-08-17,171.8260955810547,175.29223725703497,171.31258808782235,174.9268647491592,66062900
2023-08-18,172.30999755859375,172.9123770667114,169.8116075662743,170.14735612669347,61172200
2023-08-21,173.64309692382812,173.92948217703207,171.56934282132403,172.88272795365145,46311900
2023-08-22,175.0157470703125,175.46012191641384,174.04799506153495,174.8478727981476,42038900
2023-08-23,178.85714721679688,179.2817827873095,176.10201110060572,176.28963972003098,52722800
2023-08-24,174.17637634277344,178.8374075605793,173.8109887437673,178.41277199096436,54945800
2023-08-25,176.3784942626953,176.91174101480664,173.62335841851225,175.16386577811136,51449600
2023-08-28,177.9387664794922,178.33376298082638,176.31925671498092,177.8400098200833,43820700
2023-08-29,181.8196563720703,182.58991008586239,177.2573820568172,177.45488030453177,53003900
2023-08-30,185.3055419921875,185.50305529692773,182.43191025327192,182.62940848986258,60813900
2023-08-31,185.52284240722656,186.7572255393727,185.1377154727231,185.49321841750734,60794500
2023-09-01,187.09295654296875,187.54720101813678,185.92769123419916,187.12258052751662,45766500
2023-09-05,187.3299560546875,187.60645663383806,185.26607135025952,185.92769881238064,45280000
2023-09-06,180.62477111816406,186.49056063180015,179.2027597126584,186.0461707664675,81755800
2023-09-07,175.34164428710938,175.98353252575788,171.37186410651492,172.99137409505227,112488800
2023-09-08,175.95388793945312,177.9881638364286,175.56876103562882,176.121777292026,65551300
2023-09-11,177.11912536621094,178.0473836718388,175.1243584797436,177.82026144859472,58953100
2023-09-12,174.09735107421875,177.87950173703112,172.6358460753217,177.24749835360407,90370200
2023-09-13,172.03347778320312,175.08486860955094,171.8063404869434,174.30473020059844,84267900
2023-09-14,173.54437255859375,173.89987544974738,171.41135521167203,171.82610607332606,60895800
2023-09-15,172.82345581054688,174.29484548306786,171.64833608181547,174.2750911398521,109259500
2023-09-18,175.74649047851562,177.13887792290447,173.9689761950564,174.2751007250675,67257600
2023-09-19,176.832763671875,177.38576479928514,174.91699900323943,175.30212586469654,51826900
2023-09-20,173.29750061035156,177.45489404541186,173.20861358406935,177.0203888259045,58436200
2023-09-21,171.75697326660156,174.09737357666756,171.68785565712008,172.36923745366522,63149100
2023-09-22,172.60623168945312,174.8676297137013,171.87548661966315,172.48773574692532,56725400
2023-09-25,173.880126953125,174.7590070374673,171.97423178505466,172.02361011818323,46172700
2023-09-26,169.8115997314453,173.01111068359924,169.51534481079926,172.63586851438868,64588900
2023-09-27,168.30068969726562,170.87808171574733,166.93794126401278,170.46333088230946,66921800
2023-09-28,168.55743408203125,169.88068876106084,165.52578284422083,167.22429469748067,56294400
2023-09-29,169.07095336914062,170.90771561508154,168.21181267677895,169.870831028669,51861100
2023-10-02,171.57923889160156,172.12237043121976,168.79446358018748,169.08084887750982,52164500
2023-10-03,170.24607849121094,171.46072207785286,168.6858318118607,170.1078282132375,49594600
2023-10-04,171.4903564453125,172.03348795172127,168.8339619515459,168.9524578917983,53020300
2023-10-05,172.72471618652344,173.25796291419545,170.5225664715738,171.61869897615148,48527900
2023-10-06,175.2725372314453,175.76629049023992,171.0163714833867,171.62863577063652,57266700
2023-10-09,176.7537841796875,176.81303215553828,173.6036362062995,174.6010122921434,42390800
2023-10-10,176.16128540039062,177.4746708645147,175.72678012586493,175.8749151429915,43698000
2023-10-11,177.5536346435547,177.60301297187604,175.3811238107674,175.9736185461729,47551100
2023-10-12,178.4522705078125,180.06189553412176,176.80312172309905,177.82026707710477,56743100
2023-10-13,176.61550903320312,179.6570151987734,175.91437292525092,179.1533924067404,51427100
2023-10-16,176.4871368408203,176.84263973108403,174.3047411678942,174.54174811745375,52517000
2023-10-17,174.93675231933594,176.19088966345473,172.61612132571108,174.44299912050275,57549400
2023-10-18,173.64309692382812,175.36136323860268,172.92222157401596,173.38635072108465,54764400
2023-10-19,173.2678680419922,175.61812287122567,173.00123711265553,173.84060845589931,59302900
2023-10-20,170.7200927734375,173.22835212793277,170.4830858385587,173.11972583296543,64244000
2023-10-23,170.83860778808594,171.8359838309846,167.80695589693704,168.77472302133776,55980100
2023-10-24,171.27308654785156,171.50020876645127,169.3079436842464,170.8879597127696,43816600
2023-10-25,168.96234130859375,170.89784530264086,168.51795139973865,169.73259505065448,57157000
2023-10-26,164.80491638183594,169.23882483986895,163.60015755926395,168.24143389027685,70625300
2023-10-27,166.11830139160156,166.8490614359056,164.745668316651,164.82467062426355,58499100
2023-10-30,168.16244506835938,169.03145545417337,166.7601878982554,166.90832288755587,51131000
2023-10-31,168.63645935058594,168.76482492650203,165.80230595130433,167.23420217717043,44846000
2023-11-01,171.7964630126953,172.0532092124064,167.99455793411695,168.86356825336904,56934900
2023-11-02,175.35153198242188,175.55889990398722,173.26789271763636,173.32714069522646,77334800
2023-11-03,174.4429931640625,174.61088250590672,171.18423421755685,172.06311427874405,79829200
2023-11-06,176.99073791503906,177.18823614800198,174.00847994055556,174.17635419198152,63841300
2023-11-07,179.54843139648438,180.1606805785339,176.7340319643902,176.94139988237026,70530000
2023-11-08,180.6050262451172,181.15802736111343,179.32126504404005,180.07177947416378,49340300
2023-11-09,180.13104248046875,181.81966995293175,179.53853262491765,180.67417400336535,53763500
2023-11-10,184.3136749267578,184.48178544542026,181.475802800193,181.9108804268445,66133400
2023-11-13,182.73159790039062,183.94782669363863,182.1482051958573,183.74018560328048,43627500
2023-11-14,185.342041015625,186.00454008995078,184.21480130754796,185.59912547957174,60108400
2023-11-15,185.90565490722656,187.3789832148446,185.67823345303117,185.7474572062222,53790500
2023-11-16,187.5866241455078,188.8226331691939,186.53847581950137,187.44819173837502,54412900
2023-11-17,187.5668487548828,188.24912816814668,186.4593894684262,188.12057839811112,50922700
2023-11-20,189.30714416503906,189.76200213676566,187.75472463510502,187.76460727588125,46505100
2023-11-21,188.5062255859375,189.37638084971888,187.61630503925363,189.2676114417462,38134500
2023-11-22,189.168701171875,190.7705639920827,188.69407794514686,189.34669431189826,39617700
2023-11-24,187.84373474121094,188.76331834061182,187.13179223741543,188.7336553269539,24048300
2023-11-27,187.66574096679688,188.5358962659671,186.7857030257735,187.79429075090235,40552600
2023-11-28,188.26890563964844,188.9413024556769,187.2800983304318,187.65584993609482,38415400
2023-11-29,187.25042724609375,189.9399842182602,186.85491037465812,188.7633011569372,43014200
2023-11-30,187.82394409179688,188.18981305356235,186.08364867108205,187.71517468500207,48794400
2023-12-01,189.0994873046875,189.4158977511225,187.11197525051801,188.19966916513812,45704800
2023-12-04,187.3097381591797,187.92280887485518,185.35190415389414,187.85358512953687,43389500
2023-12-05,191.25509643554688,192.2241233156588,188.05135551468544,188.081033613139,66628400
2023-12-06,190.16741943359375,192.58009647341478,189.95976327032974,192.27356863697858,41089700
2023-12-07,192.0955810546875,192.81740609388598,191.42318430562543,191.4627450433353,47477700
2023-12-08,193.51947021484375,193.79633503305183,191.50229501018384,192.0263616366492,53406400
2023-12-11,191.017822265625,191.32436525918584,189.2775265277558,190.94861358759854,60943700
2023-12-12,192.53067016601562,192.54055280703432,189.57413099725628,190.9189094878757,52696900
2023-12-13,195.7443084716797,195.78385412672148,192.66911702808835,192.90642113434447,70404200
2023-12-14,195.89260864257812,197.38570218691584,193.96443748585023,195.80361960949875,66831600
2023-12-15,195.358642578125,196.1793392633754,194.79501524102506,195.31908184148628,128538400
2023-12-18,193.69747924804688,194.42920214917604,192.21426816132805,193.89523770867535,55751900
2023-12-19,194.73570251464844,194.74558515548247,193.69745188302565,193.96443406555753,40714100
2023-12-20,192.64935302734375,195.46744514462725,192.64935302734375,194.69617655774934,52242800
2023-12-21,192.5009765625,194.8741228719849,191.33419132020353,193.9050960501454,46482500
2023-12-22,191.43312072753906,193.22285972664613,190.8101672306993,192.99542315884526,37149600
2023-12-26,190.8892364501953,191.71983089218512,190.67169765519787,191.4429660781885,28919300
2023-12-27,190.98812866210938,191.33421726083122,188.95118798803827,190.33552729492325,48087700
2023-12-28,191.41331481933594,192.48122849088116,191.00790021395272,191.96704448132198,34049900
2023-12-29,190.3750457763672,192.22411038080966,189.5839970121992,191.7297067892047,42672100
